use pr7
go
INSERT INTO [Departments_PR] ([Building], [Financing], [Name]) VALUES
(1, 100000, 'Department of Cardiology'),
(2, 150000, 'Department of Neurology'),
(3, 200000, 'Department of Pediatrics'),
(4, 180000, 'Department of Oncology'),
(5, 120000, 'Department of Orthopedics'),
(1, 110000, 'Department of Psychiatry'),
(2, 140000, 'Department of Dermatology'),
(3, 190000, 'Department of Gynecology'),
(4, 170000, 'Department of Ophthalmology'),
(5, 130000, 'Department of Urology'),
(1, 160000, 'Department of Surgery'),
(2, 210000, 'Department of Radiology'),
(3, 220000, 'Department of Endocrinology'),
(4, 230000, 'Department of Pulmonology'),
(5, 240000, 'Department of Rheumatology');

INSERT INTO [Diseases_PR] ([Name]) VALUES
('Heart Disease'),
('Stroke'),
('Asthma'),
('Diabetes'),
('Cancer'),
('Alzheimer''s Disease'),
('Arthritis'),
('Depression'),
('Hypertension'),
('Schizophrenia'),
('Parkinson''s Disease'),
('Obesity'),
('Migraine'),
('Anxiety'),
('Osteoporosis');

INSERT INTO [Doctors_PR] ([Name], [Salary], [Surname]) VALUES
('John', 80000, 'Smith'),
('Emily', 75000, 'Johnson'),
('Michael', 85000, 'Williams'),
('Sophia', 90000, 'Brown'),
('William', 82000, 'Jones'),
('Emma', 78000, 'Garcia'),
('Matthew', 83000, 'Miller'),
('Olivia', 77000, 'Davis'),
('Daniel', 92000, 'Rodriguez'),
('Isabella', 86000, 'Martinez'),
('David', 89000, 'Hernandez'),
('Ava', 95000, 'Lopez'),
('Alexander', 88000, 'Gonzalez'),
('Mia', 84000, 'Wilson'),
('James', 91000, 'Anderson');

INSERT INTO [Examinations_PR] ([Name]) VALUES
('MRI Scan'),
('X-Ray'),
('Blood Test'),
('Ultrasound'),
('CT Scan'),
('EKG'),
('Colonoscopy'),
('Endoscopy'),
('Biopsy'),
('Mammogram'),
('Pap Smear'),
('DEXA Scan'),
('Electroencephalogram'),
('Stress Test'),
('Spirometry');

INSERT INTO [Wards_PR] ([Name], [Places], [DepartmentId]) VALUES
('Ward A', 10, 1),
('Ward B', 12, 2),
('Ward C', 8, 3),
('Ward D', 15, 4),
('Ward E', 20, 5),
('Ward F', 18, 1),
('Ward G', 14, 2),
('Ward H', 11, 3),
('Ward I', 9, 4),
('Ward J', 16, 5),
('Ward K', 13, 1),
('Ward L', 7, 2),
('Ward M', 19, 3),
('Ward N', 17, 4),
('Ward O', 21, 5);

INSERT INTO [DoctorsExaminations_PR] ([Date], [DiseaseId], [DoctorId], [ExaminationId], [WardId]) VALUES
('2024-04-01', 1, 1, 1, 1),
('2024-04-02', 2, 2, 2, 2),
('2024-04-03', 3, 3, 3, 3),
('2024-04-04', 4, 4, 4, 4),
('2024-04-05', 5, 5, 5, 5),
('2024-04-06', 6, 6, 6, 6),
('2024-04-07', 7, 7, 7, 7),
('2024-04-08', 8, 8, 8, 8),
('2024-04-09', 9, 9, 9, 9),
('2024-04-10', 10, 10, 10, 10),
('2024-04-11', 11, 11, 11, 11),
('2024-04-12', 12, 12, 12, 12),
('2024-04-13', 13, 13, 13, 13),
('2024-04-14', 14, 14, 14, 14),
('2024-04-15', 15, 15, 15, 15);

INSERT INTO [Inters_PR] ([DoctorId]) VALUES
(1),
(2),
(3),
(4),
(5),
(6),
(7),
(8),
(9),
(10),
(11),
(12),
(13),
(14),
(15);

INSERT INTO [Professors_PR] ([DoctorId]) VALUES
(1),
(2),
(3),
(4),
(5),
(6),
(7),
(8),
(9),
(10),
(11),
(12),
(13),
(14),
(15);
